Time,Data
20000101,13.3
20000102,12.9
20000103,13.6
20000104,13.2
20000105,12.9
20000106,12.8
20000107,13.1
20000108,13.0
20000109,13.1
20000110,12.9
20000111,12.8
20000112,12.8
20000113,12.7
20000114,12.9
20000115,12.7
20000116,12.9
20000117,12.6
20000118,12.4
20000119,13.0
20000120,12.0
20000121,12.0
20000122,12.2
20000123,12.5
20000124,12.3
20000125,12.7
20000126,12.9
20000127,12.7
20000128,12.9
20000129,12.6
20000130,12.7
20000131,12.9
20000201,13.0
20000202,12.7
20000203,12.7
20000204,12.1
20000205,12.2
20000206,12.2
20000207,12.3
20000208,12.8
20000209,13.2
20000210,12.7
20000211,12.9
20000212,12.7
20000213,12.6
20000214,12.6
20000215,12.7
20000216,12.8
20000217,12.5
20000218,13.4
20000219,12.9
20000220,13.1
20000221,12.9
20000222,12.7
20000223,12.6
20000224,12.9
20000225,12.6
20000226,12.9
20000227,12.6
20000228,12.7
20000229,13.0
20000301,12.9
20000302,13.0
20000303,12.6
20000304,12.6
20000305,13.5
20000306,13.4
20000307,12.7
20000308,13.2
20000309,12.5
20000310,13.2
20000311,13.2
20000312,13.2
20000313,13.3
20000314,13.0
20000315,12.7
20000316,13.5
20000317,12.7
20000318,12.8
20000319,13.3
20000320,12.9
20000321,12.8
20000322,13.4
20000323,13.2
20000324,12.9
20000325,12.7
20000326,12.7
20000327,12.6
20000328,13.2
20000329,13.2
20000330,13.4
20000331,13.7
20000401,13.6
20000402,13.6
20000403,13.8
20000404,12.9
20000405,13.3
20000406,12.9
20000407,13.8
20000408,13.9
20000409,14.3
20000410,13.4
20000411,13.5
20000412,14.2
20000413,14.4
20000414,14.0
20000415,14.8
20000416,14.2
20000417,13.4
20000418,14.1
20000419,13.7
20000420,12.9
20000421,13.9
20000422,13.2
20000423,14.1
20000424,13.7
20000425,13.6
20000426,13.3
20000427,13.8
20000428,13.6
20000429,13.7
20000430,14.0
20000501,13.8
20000502,14.4
20000503,14.2
20000504,13.7
20000505,13.8
20000506,13.9
20000507,13.9
20000508,13.8
20000509,14.1
20000510,13.8
20000511,13.7
20000512,14.1
20000513,14.2
20000514,14.3
20000515,14.4
20000516,14.7
20000517,14.2
20000518,14.0
20000519,13.8
20000520,14.5
20000521,14.2
20000522,14.2
20000523,13.9
20000524,13.8
20000525,14.0
20000526,14.1
20000527,13.9
20000528,13.8
20000529,13.6
20000530,13.5
20000531,13.6
20000601,14.6
20000602,14.2
20000603,14.6
20000604,13.5
20000605,14.1
20000606,14.0
20000607,14.5
20000608,14.7
20000609,14.3
20000610,15.0
20000611,14.2
20000612,15.3
20000613,14.6
20000614,14.6
20000615,14.9
20000616,14.8
20000617,14.8
20000618,15.1
20000619,14.7
20000620,15.0
20000621,15.3
20000622,15.2
20000623,15.6
20000624,15.3
20000625,14.6
20000626,15.0
20000627,15.4
20000628,15.5
20000629,15.2
20000630,15.3
20000701,15.0
20000702,15.7
20000703,14.6
20000704,15.5
20000705,15.3
20000706,15.4
20000707,15.1
20000708,15.1
20000709,15.5
20000710,15.2
20000711,15.2
20000712,14.8
20000713,15.1
20000714,15.6
20000715,15.3
20000716,15.5
20000717,15.3
20000718,15.2
20000719,15.1
20000720,15.0
20000721,15.0
20000722,15.1
20000723,14.9
20000724,15.2
20000725,14.8
20000726,14.9
20000727,14.9
20000728,15.7
20000729,15.2
20000730,14.9
20000731,14.9
20000801,14.9
20000802,15.0
20000803,15.2
20000804,15.1
20000805,15.2
20000806,15.4
20000807,15.1
20000808,15.0
20000809,15.0
20000810,14.7
20000811,15.1
20000812,15.8
20000813,15.2
20000814,15.2
20000815,15.8
20000816,15.5
20000817,15.3
20000818,16.1
20000819,16.2
20000820,16.1
20000821,16.0
20000822,15.7
20000823,16.5
20000824,15.5
20000825,15.9
20000826,15.5
20000827,16.4
20000828,15.2
20000829,15.4
20000830,15.0
20000831,15.6
20000901,16.0
20000902,15.7
20000903,15.6
20000904,15.1
20000905,15.1
20000906,15.1
20000907,15.0
20000908,14.8
20000909,14.4
20000910,14.6
20000911,14.5
20000912,14.6
20000913,14.6
20000914,15.6
20000915,15.0
20000916,15.0
20000917,14.9
20000918,14.7
20000919,14.8
20000920,14.6
20000921,14.4
20000922,15.1
20000923,14.6
20000924,14.3
20000925,14.4
20000926,14.4
20000927,14.5
20000928,15.1
20000929,14.8
20000930,14.6
20001001,14.9
20001002,14.6
20001003,15.0
20001004,15.1
20001005,14.4
20001006,14.6
20001007,14.7
20001008,15.0
20001009,14.5
20001010,14.9
20001011,15.1
20001012,14.5
20001013,14.3
20001014,14.5
20001015,14.1
20001016,13.8
20001017,14.2
20001018,13.5
20001019,13.8
20001020,13.6
20001021,13.8
20001022,14.1
20001023,14.3
20001024,14.1
20001025,14.1
20001026,14.0
20001027,14.2
20001028,13.9
20001029,14.4
20001030,13.9
20001031,13.6
20001101,13.8
20001102,14.0
20001103,13.5
20001104,13.7
20001105,13.7
20001106,13.3
20001107,13.7
20001108,13.7
20001109,13.4
20001110,13.5
20001111,13.2
20001112,13.7
20001113,13.4
20001114,13.5
20001115,13.5
20001116,13.3
20001117,13.2
20001118,13.4
20001119,13.7
20001120,13.0
20001121,13.3
20001122,14.2
20001123,13.4
20001124,13.2
20001125,13.6
20001126,14.0
20001127,13.7
20001128,13.0
20001129,13.0
20001130,13.7
20001201,13.6
20001202,13.3
20001203,13.1
20001204,13.3
20001205,13.4
20001206,13.0
20001207,13.4
20001208,13.1
20001209,13.3
20001210,13.3
20001211,13.4
20001212,13.3
20001213,12.7
20001214,12.4
20001215,13.5
20001216,13.5
20001217,13.4
20001218,13.3
20001219,13.2
20001220,13.0
20001221,12.9
20001222,12.9
20001223,12.7
20001224,13.0
20001225,13.1
20001226,13.2
20001227,13.3
20001228,13.0
20001229,13.0
20001230,13.6
20001231,13.4
20010101,13.1
20010102,13.1
20010103,13.2
20010104,12.6
20010105,12.7
20010106,12.6
20010107,13.1
20010108,12.0
20010109,12.7
20010110,12.7
20010111,13.1
20010112,12.3
20010113,12.6
20010114,12.1
20010115,13.0
20010116,12.6
20010117,12.8
20010118,12.8
20010119,12.5
20010120,13.4
20010121,13.0
20010122,13.1
20010123,13.0
20010124,12.8
20010125,12.7
20010126,13.0
20010127,13.2
20010128,13.1
20010129,12.7
20010130,13.2
20010131,13.0
20010201,13.1
20010202,13.1
20010203,12.8
20010204,12.7
20010205,13.2
20010206,12.8
20010207,12.4
20010208,12.3
20010209,12.5
20010210,12.5
20010211,12.6
20010212,13.0
20010213,12.8
20010214,13.2
20010215,13.0
20010216,12.7
20010217,13.1
20010218,13.2
20010219,12.8
20010220,13.1
20010221,12.4
20010222,12.5
20010223,12.8
20010224,12.7
20010225,12.2
20010226,12.4
20010227,12.5
20010228,12.3
20010301,12.4
20010302,12.4
20010303,12.8
20010304,12.6
20010305,12.4
20010306,12.5
20010307,12.7
20010308,12.7
20010309,12.6
20010310,12.4
20010311,12.2
20010312,11.9
20010313,12.1
20010314,12.3
20010315,12.9
20010316,13.0
20010317,12.9
20010318,12.6
20010319,12.4
20010320,12.5
20010321,12.2
20010322,12.7
20010323,12.8
20010324,12.8
20010325,12.6
20010326,13.2
20010327,12.7
20010328,12.8
20010329,12.6
20010330,12.4
20010331,12.5
20010401,12.5
20010402,12.2
20010403,12.3
20010404,12.5
20010405,13.4
20010406,12.9
20010407,13.6
20010408,13.9
20010409,13.7
20010410,13.2
20010411,13.9
20010412,13.6
20010413,13.6
20010414,14.0
20010415,13.5
20010416,13.8
20010417,13.2
20010418,13.7
20010419,14.1
20010420,14.0
20010421,13.3
20010422,13.5
20010423,13.6
20010424,13.8
20010425,13.9
20010426,13.4
20010427,13.7
20010428,14.2
20010429,13.7
20010430,14.0
20010501,14.2
20010502,14.2
20010503,14.4
20010504,13.7
20010505,14.4
20010506,14.4
20010507,13.8
20010508,14.3
20010509,13.7
20010510,13.8
20010511,13.9
20010512,14.6
20010513,14.5
20010514,14.3
20010515,14.2
20010516,14.2
20010517,13.5
20010518,13.8
20010519,13.8
20010520,13.7
20010521,13.5
20010522,14.0
20010523,13.6
20010524,13.9
20010525,13.8
20010526,14.4
20010527,14.1
20010528,14.0
20010529,14.1
20010530,13.5
20010531,14.4
20010601,14.6
20010602,13.8
20010603,13.7
20010604,13.3
20010605,13.7
20010606,13.6
20010607,14.2
20010608,14.1
20010609,14.3
20010610,13.8
20010611,14.3
20010612,14.0
20010613,14.5
20010614,15.1
20010615,14.7
20010616,14.3
20010617,14.7
20010618,14.5
20010619,15.0
20010620,15.0
20010621,14.5
20010622,14.8
20010623,15.2
20010624,15.1
20010625,14.1
20010626,14.6
20010627,15.1
20010628,14.7
20010629,15.0
20010630,15.1
20010701,14.7
20010702,14.6
20010703,14.6
20010704,14.8
20010705,14.9
20010706,14.9
20010707,14.6
20010708,14.9
20010709,14.8
20010710,14.7
20010711,15.0
20010712,14.9
20010713,14.8
20010714,14.5
20010715,15.1
20010716,14.5
20010717,14.3
20010718,14.5
20010719,14.3
20010720,14.3
20010721,14.1
20010722,14.0
20010723,14.1
20010724,14.4
20010725,13.8
20010726,14.1
20010727,14.4
20010728,14.0
20010729,14.1
20010730,13.9
20010731,14.0
20010801,13.4
20010802,14.3
20010803,14.5
20010804,14.2
20010805,14.6
20010806,14.4
20010807,13.6
20010808,13.9
20010809,14.5
20010810,14.0
20010811,14.1
20010812,13.9
20010813,13.9
20010814,14.0
20010815,14.0
20010816,14.3
20010817,14.4
20010818,14.5
20010819,14.4
20010820,14.9
20010821,15.4
20010822,15.6
20010823,14.9
20010824,15.6
20010825,14.7
20010826,15.5
20010827,14.6
20010828,15.3
20010829,15.5
20010830,14.8
20010831,14.1
20010901,14.7
20010902,14.7
20010903,14.7
20010904,14.6
20010905,14.7
20010906,15.3
20010907,15.8
20010908,14.7
20010909,15.4
20010910,14.8
20010911,14.6
20010912,14.7
20010913,14.6
20010914,14.4
20010915,14.2
20010916,14.7
20010917,15.0
20010918,14.9
20010919,14.9
20010920,14.9
20010921,14.3
20010922,13.9
20010923,13.9
20010924,13.7
20010925,13.9
20010926,15.2
20010927,14.5
20010928,14.6
20010929,14.9
20010930,14.7
20011001,14.8
20011002,15.1
20011003,14.6
20011004,14.6
20011005,14.6
20011006,14.9
20011007,14.6
20011008,14.6
20011009,14.8
20011010,15.4
20011011,14.5
20011012,14.3
20011013,14.5
20011014,14.7
20011015,15.3
20011016,14.9
20011017,14.5
20011018,14.5
20011019,14.7
20011020,13.9
20011021,13.8
20011022,14.0
20011023,14.4
20011024,13.7
20011025,13.7
20011026,14.0
20011027,14.4
20011028,14.2
20011029,14.0
20011030,14.0
20011031,13.6
20011101,14.0
20011102,13.9
20011103,13.4
20011104,13.4
20011105,13.4
20011106,13.2
20011107,13.3
20011108,13.6
20011109,13.3
20011110,13.2
20011111,13.5
20011112,13.7
20011113,13.4
20011114,13.7
20011115,13.2
20011116,13.4
20011117,13.5
20011118,13.6
20011119,13.4
20011120,13.0
20011121,13.3
20011122,13.1
20011123,13.1
20011124,12.9
20011125,12.7
20011126,12.9
20011127,12.9
20011128,13.3
20011129,12.9
20011130,12.3
20011201,13.3
20011202,12.7
20011203,12.5
20011204,12.6
20011205,12.5
20011206,12.4
20011207,12.2
20011208,11.9
20011209,12.3
20011210,12.0
20011211,12.4
20011212,12.1
20011213,11.7
20011214,12.7
20011215,12.4
20011216,12.1
20011217,11.8
20011218,11.5
20011219,11.8
20011220,11.9
20011221,11.4
20011222,11.1
20011223,11.2
20011224,11.2
20011225,12.0
20011226,11.6
20011227,11.2
20011228,11.4
20011229,11.6
20011230,12.3
20011231,11.6
20020101,11.3
20020102,11.7
20020103,11.7
20020104,11.4
20020105,11.1
20020106,11.6
20020107,11.3
20020108,11.3
20020109,11.5
20020110,10.9
20020111,11.4
20020112,11.3
20020113,11.4
20020114,11.7
20020115,11.8
20020116,11.7
20020117,12.2
20020118,12.6
20020119,11.2
20020120,11.3
20020121,11.6
20020122,10.5
20020123,11.0
20020124,11.7
20020125,11.6
20020126,11.9
20020127,11.4
20020128,11.9
20020129,11.6
20020130,11.4
20020131,11.5
20020201,11.6
20020202,11.0
20020203,11.0
20020204,11.4
20020205,12.0
20020206,11.3
20020207,11.3
20020208,11.4
20020209,11.1
20020210,11.9
20020211,11.8
20020212,11.8
20020213,11.7
20020214,11.6
20020215,11.9
20020216,11.1
20020217,11.2
20020218,11.5
20020219,11.5
20020220,11.1
20020221,11.3
20020222,12.1
20020223,11.2
20020224,11.1
20020225,11.7
20020226,10.9
20020227,11.6
20020228,11.3
20020301,11.6
20020302,11.3
20020303,11.4
20020304,11.5
20020305,11.2
20020306,11.6
20020307,11.2
20020308,11.5
20020309,11.2
20020310,11.4
20020311,11.3
20020312,11.8
20020313,11.2
20020314,11.4
20020315,11.4
20020316,11.4
20020317,11.5
20020318,11.6
20020319,11.0
20020320,11.6
20020321,11.3
20020322,11.6
20020323,11.3
20020324,11.1
20020325,10.9
20020326,11.4
20020327,11.2
20020328,11.5
20020329,11.1
20020330,11.2
20020331,10.9
20020401,11.5
20020402,11.2
20020403,11.5
20020404,10.9
20020405,12.9
20020406,14.5
20020407,13.1
20020408,14.3
20020409,13.1
20020410,14.4
20020411,14.3
20020412,13.2
20020413,13.6
20020414,13.3
20020415,13.7
20020416,13.8
20020417,12.8
20020418,12.5
20020419,13.6
20020420,13.5
20020421,13.2
20020422,13.7
20020423,13.1
20020424,13.0
20020425,12.7
20020426,13.3
20020427,12.2
20020428,13.4
20020429,12.8
20020430,12.8
20020501,12.8
20020502,12.9
20020503,12.8
20020504,12.7
20020505,13.1
20020506,13.1
20020507,13.2
20020508,12.8
20020509,13.3
20020510,12.8
20020511,13.4
20020512,13.9
20020513,13.4
20020514,13.9
20020515,14.2
20020516,14.0
20020517,14.0
20020518,14.0
20020519,13.9
20020520,13.9
20020521,13.4
20020522,13.8
20020523,13.9
20020524,13.6
20020525,13.5
20020526,13.7
20020527,13.9
20020528,14.0
20020529,13.7
20020530,13.6
20020531,13.9
20020601,13.6
20020602,13.5
20020603,14.5
20020604,14.5
20020605,14.3
20020606,14.5
20020607,14.3
20020608,14.1
20020609,13.5
20020610,14.0
20020611,13.9
20020612,13.6
20020613,13.9
20020614,14.3
20020615,13.9
20020616,14.4
20020617,14.3
20020618,14.0
20020619,14.2
20020620,13.8
20020621,14.4
20020622,13.7
20020623,14.0
20020624,13.7
20020625,13.3
20020626,13.6
20020627,14.3
20020628,13.6
20020629,14.7
20020630,14.4
20020701,14.3
20020702,14.4
20020703,14.3
20020704,13.2
20020705,14.2
20020706,13.9
20020707,14.8
20020708,14.5
20020709,15.0
20020710,14.7
20020711,14.7
20020712,14.5
20020713,14.3
20020714,14.8
20020715,14.4
20020716,15.2
20020717,14.6
20020718,14.9
20020719,14.3
20020720,13.8
20020721,14.2
20020722,14.0
20020723,14.7
20020724,14.4
20020725,14.2
20020726,14.4
20020727,14.8
20020728,14.3
20020729,14.4
20020730,14.3
20020731,14.2
20020801,14.5
20020802,15.1
20020803,14.5
20020804,14.4
20020805,15.1
20020806,15.3
20020807,14.1
20020808,14.4
20020809,14.7
20020810,14.6
20020811,15.1
20020812,14.7
20020813,14.5
20020814,14.8
20020815,15.2
20020816,14.9
20020817,14.4
20020818,14.9
20020819,15.1
20020820,15.0
20020821,15.1
20020822,14.8
20020823,14.8
20020824,14.8
20020825,14.8
20020826,14.1
20020827,14.3
20020828,14.1
20020829,14.3
20020830,14.3
20020831,14.5
20020901,14.9
20020902,14.8
20020903,14.6
20020904,14.6
20020905,14.8
20020906,14.5
20020907,14.4
20020908,14.1
20020909,14.0
20020910,14.2
20020911,13.9
20020912,13.6
20020913,13.5
20020914,13.0
20020915,13.6
20020916,13.9
20020917,14.0
20020918,14.2
20020919,13.5
20020920,13.9
20020921,14.3
20020922,13.3
20020923,13.5
20020924,13.8
20020925,14.4
20020926,14.6
20020927,14.4
20020928,14.5
20020929,14.4
20020930,14.6
20021001,14.5
20021002,14.4
20021003,14.4
20021004,14.6
20021005,15.0
20021006,14.8
20021007,14.2
20021008,14.7
20021009,15.2
20021010,15.1
20021011,14.5
20021012,14.9
20021013,14.7
20021014,15.0
20021015,14.9
20021016,15.0
20021017,15.0
20021018,15.3
20021019,14.7
20021020,14.9
20021021,14.7
20021022,14.2
20021023,14.7
20021024,14.1
20021025,14.6
20021026,15.1
20021027,14.6
20021028,14.5
20021029,14.3
20021030,14.7
20021031,14.4
20021101,14.4
20021102,14.7
20021103,14.3
20021104,14.4
20021105,14.7
20021106,14.7
20021107,14.1
20021108,14.5
20021109,14.7
20021110,14.8
20021111,14.7
20021112,14.9
20021113,14.6
20021114,14.8
20021115,14.6
20021116,14.5
20021117,14.2
20021118,14.1
20021119,14.5
20021120,14.7
20021121,14.5
20021122,14.5
20021123,14.4
20021124,14.3
20021125,14.3
20021126,14.4
20021127,14.5
20021128,14.4
20021129,14.4
20021130,14.0
20021201,14.3
20021202,14.4
20021203,14.2
20021204,14.0
20021205,13.6
20021206,14.1
20021207,14.0
20021208,13.8
20021209,13.8
20021210,13.8
20021211,13.6
20021212,13.8
20021213,14.0
20021214,14.1
20021215,14.2
20021216,13.9
20021217,14.3
20021218,13.8
20021219,13.8
20021220,13.9
20021221,13.9
20021222,13.7
20021223,13.6
20021224,13.6
20021225,13.7
20021226,13.4
20021227,13.6
20021228,13.4
20021229,13.2
20021230,13.0
20021231,13.2
20030101,13.8
20030102,13.6
20030103,13.5
20030104,13.7
20030105,13.4
20030106,13.8
20030107,13.7
20030108,13.8
20030109,13.5
20030110,13.6
20030111,13.1
20030112,13.5
20030113,13.5
20030114,13.8
20030115,13.5
20030116,13.3
20030117,13.8
20030118,13.6
20030119,13.6
20030120,14.0
20030121,13.8
20030122,13.8
20030123,13.4
20030124,13.3
20030125,13.7
20030126,13.3
20030127,13.7
20030128,13.9
20030129,13.9
20030130,13.8
20030131,13.5
20030201,14.0
20030202,13.4
20030203,14.1
20030204,13.8
20030205,13.6
20030206,13.7
20030207,13.4
20030208,13.4
20030209,13.2
20030210,13.0
20030211,12.9
20030212,13.4
20030213,13.6
20030214,13.7
20030215,13.6
20030216,14.0
20030217,14.0
20030218,13.6
20030219,13.9
20030220,13.5
20030221,13.6
20030222,13.4
20030223,13.9
20030224,14.1
20030225,13.5
20030226,13.5
20030227,13.7
20030228,13.8
20030301,13.8
20030302,14.1
20030303,13.9
20030304,13.9
20030305,13.5
20030306,13.4
20030307,13.3
20030308,13.6
20030309,13.7
20030310,13.8
20030311,13.5
20030312,13.6
20030313,13.4
20030314,13.4
20030315,13.1
20030316,13.2
20030317,13.3
20030318,13.4
20030319,13.7
20030320,13.9
20030321,13.8
20030322,13.2
20030323,13.5
20030324,13.6
20030325,13.3
20030326,13.5
20030327,13.1
20030328,13.4
20030329,13.7
20030330,13.9
20030331,14.0
20030401,13.7
20030402,13.6
20030403,13.5
20030404,13.7
20030405,13.6
20030406,13.1
20030407,14.0
20030408,13.8
20030409,13.9
20030410,13.8
20030411,13.4
20030412,13.5
20030413,13.6
20030414,13.4
20030415,13.9
20030416,13.5
20030417,13.6
20030418,13.5
20030419,13.5
20030420,13.7
20030421,13.6
20030422,13.5
20030423,13.8
20030424,13.8
20030425,14.0
20030426,13.8
20030427,13.9
20030428,13.9
20030429,14.1
20030430,14.2
20030501,13.8
20030502,13.8
20030503,14.0
20030504,13.6
20030505,14.2
20030506,14.0
20030507,13.7
20030508,13.6
20030509,13.5
20030510,13.6
20030511,14.2
20030512,13.8
20030513,13.8
20030514,14.1
20030515,13.9
20030516,13.8
20030517,13.6
20030518,13.8
20030519,13.3
20030520,13.3
20030521,13.7
20030522,14.0
20030523,13.6
20030524,14.0
20030525,13.9
20030526,13.7
20030527,14.0
20030528,14.4
20030529,14.2
20030530,14.1
20030531,14.1
20030601,14.2
20030602,13.9
20030603,13.9
20030604,13.6
20030605,13.6
20030606,14.4
20030607,13.9
20030608,14.2
20030609,14.0
20030610,14.2
20030611,14.1
20030612,14.3
20030613,14.4
20030614,14.3
20030615,13.8
20030616,14.0
20030617,13.5
20030618,14.1
20030619,14.8
20030620,14.0
20030621,14.6
20030622,14.0
20030623,14.6
20030624,14.5
20030625,14.6
20030626,13.8
20030627,14.3
20030628,14.1
20030629,14.4
20030630,14.3
20030701,14.1
20030702,14.6
20030703,14.5
20030704,14.0
20030705,14.1
20030706,14.4
20030707,14.1
20030708,13.9
20030709,14.9
20030710,14.4
20030711,14.3
20030712,14.8
20030713,14.3
20030714,14.3
20030715,14.1
20030716,14.2
20030717,14.6
20030718,14.5
20030719,13.8
20030720,14.1
20030721,13.9
20030722,14.5
20030723,14.4
20030724,14.7
20030725,14.4
20030726,14.3
20030727,15.1
20030728,15.2
20030729,14.9
20030730,14.7
20030731,15.1
20030801,15.2
20030802,14.5
20030803,14.5
20030804,15.1
20030805,15.9
20030806,15.3
20030807,15.2
20030808,14.5
20030809,13.4
20030810,15.0
20030811,15.4
20030812,14.9
20030813,15.2
20030814,15.1
20030815,15.3
20030816,15.2
20030817,15.5
20030818,14.7
20030819,15.5
20030820,15.8
20030821,15.0
20030822,15.2
20030823,15.1
20030824,15.3
20030825,15.2
20030826,14.8
20030827,15.1
20030828,15.7
20030829,14.9
20030830,14.4
20030831,15.4
20030901,15.5
20030902,15.4
20030903,15.6
20030904,15.5
20030905,15.4
20030906,15.7
20030907,15.3
20030908,15.0
20030909,16.2
20030910,15.3
20030911,15.0
20030912,15.1
20030913,15.6
20030914,15.2
20030915,15.5
20030916,15.7
20030917,15.4
20030918,14.9
20030919,14.6
20030920,15.0
20030921,14.4
20030922,15.4
20030923,15.2
20030924,14.9
20030925,15.4
20030926,14.9
20030927,15.2
20030928,15.2
20030929,14.9
20030930,15.3
20031001,14.7
20031002,14.3
20031003,14.2
20031004,14.4
20031005,14.3
20031006,14.1
20031007,14.1
20031008,14.3
20031009,14.3
20031010,14.0
20031011,14.7
20031012,14.4
20031013,14.5
20031014,14.3
20031015,13.9
20031016,14.3
20031017,14.0
20031018,14.5
20031019,14.2
20031020,14.1
20031021,14.1
20031022,14.2
20031023,14.5
20031024,13.9
20031025,13.9
20031026,14.1
20031027,13.7
20031028,13.7
20031029,13.8
20031030,13.8
20031031,14.2
20031101,14.0
20031102,13.8
20031103,14.1
20031104,14.1
20031105,14.5
20031106,13.8
20031107,14.1
20031108,14.0
20031109,13.2
20031110,13.5
20031111,13.9
20031112,13.7
20031113,13.5
20031114,13.2
20031115,13.6
20031116,13.6
20031117,13.3
20031118,13.4
20031119,13.1
20031120,13.4
20031121,13.0
20031122,13.3
20031123,13.9
20031124,13.9
20031125,13.2
20031126,13.7
20031127,13.6
20031128,13.6
20031129,13.9
20031130,13.3
20031201,13.1
20031202,13.4
20031203,13.5
20031204,13.0
20031205,13.4
20031206,13.0
20031207,13.1
20031208,12.9
20031209,13.4
20031210,13.1
20031211,13.5
20031212,13.6
20031213,13.6
20031214,13.9
20031215,13.2
20031216,13.0
20031217,13.5
20031218,13.7
20031219,13.5
20031220,13.4
20031221,13.5
20031222,13.1
20031223,13.1
20031224,13.1
20031225,13.4
20031226,13.1
20031227,13.2
20031228,13.2
20031229,12.9
20031230,13.3
20031231,13.5
20050101,13.2
20050102,13.4
20050103,13.5
20050104,12.9
20050105,13.0
20050106,13.0
20050107,13.1
20050108,13.5
20050109,12.9
20050110,13.2
20050111,13.3
20050112,13.1
20050113,13.1
20050114,13.2
20050115,13.0
20050116,13.2
20050117,12.9
20050118,12.6
20050119,13.0
20050120,13.0
20050121,12.9
20050122,13.3
20050123,12.9
20050124,13.3
20050125,13.4
20050126,13.0
20050127,13.3
20050128,13.2
20050129,13.2
20050130,12.9
20050131,13.1
20050201,12.9
20050202,13.2
20050203,12.9
20050204,12.9
20050205,12.7
20050206,12.8
20050207,12.5
20050208,12.5
20050209,12.6
20050210,12.4
20050211,12.5
20050212,12.4
20050213,12.4
20050214,12.9
20050215,12.9
20050216,12.1
20050217,12.6
20050218,12.3
20050219,12.9
20050220,13.1
20050221,12.4
20050222,12.9
20050223,12.3
20050224,12.7
20050225,12.5
20050226,12.6
20050227,12.3
20050228,12.0
20050301,12.0
20050302,12.1
20050303,12.3
20050304,12.1
20050305,12.6
20050306,13.1
20050307,13.1
20050308,13.2
20050309,13.4
20050310,13.0
20050311,12.6
20050312,13.0
20050313,13.3
20050314,13.0
20050315,12.9
20050316,12.9
20050317,12.8
20050318,12.9
20050319,12.6
20050320,12.7
20050321,13.1
20050322,13.0
20050323,13.1
20050324,12.9
20050325,13.4
20050326,12.8
20050327,13.3
20050328,13.3
20050329,13.3
20050330,12.7
20050331,13.1
20050401,13.4
20050402,12.9
20050403,13.1
20050404,13.2
20050405,13.4
20050406,13.1
20050407,13.4
20050408,15.3
20050409,14.4
20050410,14.6
20050411,14.9
20050412,14.5
20050413,14.9
20050414,14.5
20050415,15.1
20050416,15.0
20050417,15.0
20050418,14.5
20050419,14.8
20050420,14.6
20050421,14.9
20050422,14.8
20050423,14.8
20050424,14.6
20050425,14.6
20050426,14.8
20050427,14.8
20050428,15.1
20050429,15.3
20050430,14.8
20050501,15.4
20050502,15.0
20050503,14.8
20050504,15.0
20050505,14.6
20050506,14.7
20050507,14.9
20050508,15.0
20050509,15.0
20050510,15.5
20050511,15.1
20050512,15.3
20050513,14.7
20050514,14.9
20050515,14.7
20050516,14.7
20050517,15.4
20050518,15.3
20050519,15.2
20050520,14.8
20050521,15.0
20050522,14.9
20050523,15.3
20050524,15.4
20050525,15.6
20050526,15.1
20050527,15.2
20050528,15.0
20050529,15.3
20050530,14.9
20050531,14.8
20050601,14.9
20050602,15.0
20050603,15.2
20050604,15.4
20050605,15.3
20050606,15.2
20050607,15.6
20050608,15.7
20050609,15.9
20050610,15.8
20050611,16.3
20050612,16.2
20050613,15.5
20050614,15.7
20050615,15.8
20050616,15.9
20050617,15.4
20050618,15.6
20050619,15.2
20050620,15.1
20050621,15.0
20050622,15.4
20050623,15.6
20050624,15.6
20050625,15.5
20050626,15.3
20050627,15.2
20050628,15.3
20050629,15.8
20050630,15.2
20050701,15.1
20050702,15.6
20050703,15.1
20050704,15.6
20050705,15.0
20050706,15.7
20050707,15.8
20050708,15.9
20050709,16.0
20050710,15.6
20050711,15.7
20050712,16.2
20050713,15.6
20050714,15.9
20050715,15.6
20050716,15.7
20050717,15.3
20050718,15.7
20050719,16.0
20050720,15.6
20050721,15.8
20050722,15.8
20050723,15.8
20050724,15.9
20050725,15.9
20050726,15.1
20050727,15.7
20050728,15.9
20050729,15.8
20050730,15.7
20050731,15.8
20050801,15.6
20050802,15.7
20050803,15.3
20050804,16.3
20050805,15.8
20050806,15.7
20050807,15.7
20050808,15.9
20050809,16.1
20050810,16.5
20050811,16.6
20050812,16.1
20050813,15.9
20050814,16.4
20050815,16.4
20050816,16.4
20050817,16.1
20050818,16.5
20050819,16.1
20050820,15.9
20050821,16.1
20050822,15.6
20050823,15.9
20050824,15.5
20050825,15.6
20050826,15.5
20050827,15.6
20050828,15.7
20050829,15.5
20050830,16.1
20050831,16.9
20050901,16.4
20050902,16.4
20050903,16.8
20050904,16.3
20050905,16.4
20050906,15.9
20050907,16.3
20050908,16.5
20050909,15.9
20050910,16.3
20050911,16.2
20050912,16.5
20050913,16.5
20050914,16.3
20050915,16.1
20050916,16.2
20050917,16.2
20050918,16.0
20050919,16.6
20050920,16.3
20050921,16.4
20050922,16.1
20050923,15.9
20050924,16.0
20050925,15.7
20050926,15.6
20050927,16.3
20050928,16.3
20050929,15.7
20050930,15.8
20051001,15.6
20051002,15.3
20051003,15.6
20051004,15.2
20051005,15.9
20051006,15.7
20051007,15.3
20051008,15.3
20051009,15.7
20051010,15.7
20051011,15.9
20051012,15.3
20051013,15.1
20051014,15.1
20051015,15.3
20051016,15.1
20051017,15.1
20051018,15.3
20051019,15.1
20051020,15.4
20051021,15.2
20051022,14.8
20051023,15.3
20051024,15.2
20051025,15.6
20051026,15.1
20051027,14.9
20051028,15.5
20051029,15.0
20051030,15.3
20051031,14.7
20051101,15.1
20051102,15.0
20051103,15.0
20051104,15.1
20051105,15.3
20051106,15.5
20051107,15.2
20051108,15.3
20051109,15.4
20051110,15.3
20051111,14.7
20051112,14.8
20051113,15.2
20051114,15.0
20051115,15.2
20051116,15.3
20051117,14.7
20051118,15.0
20051119,14.8
20051120,14.7
20051121,15.1
20051122,14.7
20051123,14.9
20051124,14.7
20051125,14.8
20051126,14.6
20051127,14.7
20051128,14.9
20051129,15.2
20051130,14.5
20051201,15.0
20051202,15.2
20051203,15.1
20051204,14.9
20051205,15.2
20051206,15.1
20051207,15.1
20051208,14.6
20051209,14.9
20051210,14.5
20051211,14.5
20051212,14.1
20051213,14.0
20051214,14.4
20051215,14.5
20051216,14.6
20051217,14.3
20051218,14.2
20051219,14.1
20051220,14.5
20051221,14.5
20051222,14.2
20051223,14.6
20051224,14.3
20051225,14.2
20051226,14.7
20051227,14.0
20051228,13.8
20051229,13.7
20051230,13.6
20051231,13.5
